Produkt,Kategoria,Mesiac,Rok,Predane_ks,Obrat_CZK,Partner,Region
Enervit Isotonic Drink 420g Citrón,Isotonic,Leden,2026,342,119700,SportObchod.cz,CZ
Enervit Isotonic Drink 420g Pomaranč,Isotonic,Leden,2026,287,100450,SportObchod.cz,CZ
Enervit R1 Sport 10x15g,Recovery,Leden,2026,198,69300,Intersport,CZ
Enervit Power Sport Competition 30g,Gél,Leden,2026,856,42800,Mall.cz,CZ
Enervit Protein Bar 40g Vanilka,Protein,Leden,2026,445,53400,Rohlik.cz,CZ
Enervit Protein Bar 40g Čokoláda,Protein,Leden,2026,523,62760,Rohlik.cz,CZ
Enervit C2:1 PRO Isotonic 420g,Isotonic,Leden,2026,156,62400,Decathlon,CZ
Enervit Gymline 100% Whey Protein 700g,Protein,Leden,2026,89,71200,FitPark Brno,CZ
Enervit Power Sport Competition 30g Citrus,Gél,Leden,2026,734,36700,Alza.cz,CZ
Enervit Carbo Flow 400g,Carbo,Leden,2026,112,33600,TopSport.cz,CZ
RoyalBay Extreme Kompresní podkolenky,Komprese,Leden,2026,234,163800,SportObchod.cz,CZ
RoyalBay Classic Kompresní podkolenky,Komprese,Leden,2026,312,124800,Intersport,CZ
RoyalBay Start Kompresní podkolenky,Komprese,Leden,2026,189,56700,Decathlon,CZ
RoyalBay Air Lýtko,Komprese,Leden,2026,145,58000,Mall.cz,CZ
RoyalBay Thermo Kompresní,Komprese,Leden,2026,267,133500,Alza.cz,CZ
Enervit Isotonic Drink 420g Citrón,Isotonic,Únor,2026,298,104300,SportObchod.cz,CZ
Enervit Isotonic Drink 420g Pomaranč,Isotonic,Únor,2026,265,92750,SportObchod.cz,CZ
Enervit R1 Sport 10x15g,Recovery,Únor,2026,176,61600,Intersport,CZ
Enervit Power Sport Competition 30g,Gél,Únor,2026,923,46150,Mall.cz,CZ
Enervit Protein Bar 40g Vanilka,Protein,Únor,2026,389,46680,Rohlik.cz,CZ
Enervit Protein Bar 40g Čokoláda,Protein,Únor,2026,498,59760,Rohlik.cz,CZ
Enervit C2:1 PRO Isotonic 420g,Isotonic,Únor,2026,178,71200,Decathlon,CZ
Enervit Gymline 100% Whey Protein 700g,Protein,Únor,2026,102,81600,FitPark Brno,CZ
Enervit Power Sport Competition 30g Citrus,Gél,Únor,2026,812,40600,Alza.cz,CZ
Enervit Carbo Flow 400g,Carbo,Únor,2026,95,28500,TopSport.cz,CZ
RoyalBay Extreme Kompresní podkolenky,Komprese,Únor,2026,198,138600,SportObchod.cz,CZ
RoyalBay Classic Kompresní podkolenky,Komprese,Únor,2026,278,111200,Intersport,CZ
RoyalBay Start Kompresní podkolenky,Komprese,Únor,2026,156,46800,Decathlon,CZ
RoyalBay Air Lýtko,Komprese,Únor,2026,167,66800,Mall.cz,CZ
RoyalBay Thermo Kompresní,Komprese,Únor,2026,189,94500,Alza.cz,CZ
